id,player,position,points,pos_rank_avg_score,pos_rank,vbd,pos_rank_vbd,point_var,vbd_var
13593,Lamar Jackson,QB,424.8100999999999,467.95599999999996,1,94.37383333333327,145.91199999999998,43.14590000000004,51.53816666666671
13116,Patrick Mahomes,QB,421.22456666666676,404.55600000000004,2,90.7883000000001,82.51200000000003,-16.66856666666672,-8.276300000000077
12620,Dak Prescott,QB,382.6671333333333,391.756,3,52.23086666666666,69.71199999999999,9.08886666666666,17.481133333333332
10703,Russell Wilson,QB,372.6550333333333,349.216,6,42.218766666666625,27.172000000000004,-23.43903333333327,-15.04676666666662
13113,Deshaun Watson,QB,365.4940666666666,376.38000000000005,4,35.05779999999993,54.33600000000003,10.885933333333469,19.278200000000098
14056,Kyler Murray,QB,357.5378666666667,341.512,8,27.10160000000002,19.468000000000007,-16.025866666666673,-7.633600000000012
4925,Drew Brees,QB,345.77683333333334,330.82,10,15.340566666666689,8.775999999999977,-14.95683333333335,-6.564566666666712
9099,Matt Ryan,QB,345.27766666666673,337.428,9,14.841400000000078,15.38399999999998,-7.849666666666735,0.5425999999999025
5848,Tom Brady,QB,344.60056666666674,344.488,7,14.164300000000082,22.444000000000006,-0.11256666666673709,8.279699999999924
13589,Josh Allen,QB,344.194,365.612,5,13.757733333333363,43.56800000000002,21.418000000000006,29.810266666666656
12610,Carson Wentz,QB,337.85830000000004,326.556,11,7.422033333333388,4.511999999999967,-11.30230000000006,-2.9100333333334216
7836,Aaron Rodgers,QB,330.43626666666665,322.044,12,0,0,-8.392266666666671,0
9431,Matthew Stafford,QB,318.4441999999999,268.516,19,-11.992066666666744,-53.52799999999999,-49.92819999999989,-41.53593333333325
12611,Jared Goff,QB,313.68896,314.188,13,-16.747306666666645,-7.856000000000006,0.4990399999999795,8.89130666666664
10697,Ryan Tannehill,QB,308.12923333333333,291.464,16,-22.307033333333322,-30.580000000000005,-16.665233333333333,-8.272966666666683
10273,Cam Newton,QB,307.35419999999993,283.416,17,-23.08206666666672,-38.62800000000001,-23.938199999999938,-15.545933333333288
13590,Baker Mayfield,QB,304.48789999999997,298.47999999999996,15,-25.948366666666686,-23.56400000000002,-6.0079000000000065,2.384366666666665
7401,Ben Roethlisberger,QB,303.53567999999996,216.632,25,-26.900586666666698,-105.412,-86.90367999999995,-78.51141333333331
14059,Daniel Jones,QB,301.00400000000013,307.824,14,-29.43226666666652,-14.220000000000017,6.8199999999998795,15.212266666666505
11760,Jimmy Garoppolo,QB,299.67356,233.136,24,-30.762706666666645,-88.90800000000002,-66.53756000000001,-58.14529333333337
10700,Kirk Cousins,QB,298.07788,240.808,23,-32.35838666666666,-81.23600000000002,-57.26988,-48.87761333333336
14067,Gardner Minshew,QB,295.24135999999993,275.196,18,-35.194906666666725,-46.848,-20.045359999999903,-11.653093333333274
14067,Gardner Minshew II,QB,295.24135999999993,-1.2066666666666666,72,-35.194906666666725,-330.02000000000004,-296.4480266666666,-294.8250933333333
14057,Drew Lock,QB,284.68216,185.228,28,-45.754106666666644,-136.816,-99.45416,-91.06189333333336
14777,Joe Burrow,QB,282.6852,248.95600000000002,22,-47.751066666666645,-73.088,-33.72919999999999,-25.33693333333335
11640,Teddy Bridgewater,QB,282.0436,210.26,26,-48.39266666666663,-111.784,-71.78360000000004,-63.39133333333338
11644,Derek Carr,QB,280.74760000000003,257.60400000000004,21,-49.68866666666662,-64.43999999999998,-23.143599999999992,-14.751333333333363
7394,Philip Rivers,QB,279.06300000000005,202.16,27,-51.37326666666661,-119.88400000000001,-76.90300000000005,-68.5107333333334
13592,Sam Darnold,QB,270.11659999999995,167.752,29,-60.319666666666706,-154.292,-102.36459999999994,-93.9723333333333
10413,Tyrod Taylor,QB,257.92432,263.26800000000003,20,-72.51194666666663,-58.77599999999998,5.343680000000006,13.73594666666665
13115,Mitchell Trubisky,QB,225.76839999999999,143.756,30,-104.66786666666667,-178.288,-82.01239999999999,-73.62013333333334
13115,Mitch Trubisky,QB,225.76839999999999,-1.5866666666666667,73,-104.66786666666667,-330.40000000000003,-227.35506666666666,-225.73213333333337
14058,Dwayne Haskins,QB,215.26836,117.172,32,-115.16790666666665,-204.872,-98.09636,-89.70409333333336
8062,Ryan Fitzpatrick,QB,155.99924000000001,110.15599999999999,33,-174.43702666666664,-211.888,-45.84324000000002,-37.450973333333366
14778,Tua Tagovailoa,QB,148.43536,128.564,31,-182.00090666666665,-193.48000000000002,-19.87136000000001,-11.479093333333367
10699,Nick Foles,QB,76.7852,82.196,36,-253.65106666666665,-239.848,5.410799999999995,13.803066666666638
14779,Justin Herbert,QB,47.79600000000001,12.4,53,-282.64026666666666,-309.644,-35.39600000000001,-27.003733333333344
14783,Jalen Hurts,QB,39.230999999999995,77.36,37,-291.20526666666666,-244.684,38.129000000000005,46.52126666666666
12141,Marcus Mariota,QB,33.8192,8.32,56,-296.61706666666663,-313.724,-25.499200000000002,-17.10693333333336
13424,Taysom Hill,QB,31.585,104.708,34,-298.8512666666667,-217.336,73.12299999999999,81.51526666666666
15008,Ben DiNucci,QB,22.874000000000002,-1.96,75,-307.56226666666663,-344.44,-24.834000000000003,-36.87773333333337
7813,Alex Smith,QB,21.174,0.68,64,-309.2622666666667,-321.364,-20.494,-12.1017333333333
13416,NA,QB,19.624000000000002,49.732,41,-310.81226666666663,-272.312,30.107999999999997,38.50026666666662
13416,Phillip Walker,QB,19.624000000000002,-1.14,74,-310.81226666666663,-343.62,-20.764000000000003,-32.807733333333374
10313,Andy Dalton,QB,18.035599999999995,18.439999999999998,50,-312.40066666666667,-303.604,0.40440000000000254,8.796666666666681
12616,Jacoby Brissett,QB,16.365499999999997,-0.19599999999999998,68,-314.07076666666666,-322.24,-16.5615,-8.169233333333352
9064,Joe Flacco,QB,13.897499999999999,0.5039999999999999,65,-316.5387666666667,-321.54,-13.3935,-5.001233333333346
10948,Case Keenum,QB,13.398,9.408,55,-317.03826666666663,-312.636,-3.99,4.4022666666666055
13595,Mason Rudolph,QB,13.249999999999998,6.292,58,-317.18626666666665,-315.752,-6.957999999999998,1.4342666666666446
12140,Jameis Winston,QB,13.1432,71.564,38,-317.2930666666667,-250.48000000000002,58.42079999999999,66.81306666666666
13846,Logan Woodside,QB,13.023333333333332,55.047999999999995,40,-317.41293333333334,-266.996,42.02466666666666,50.41693333333336
14063,Jarrett Stidham,QB,12.7775,-0.04399999999999999,67,-317.6587666666667,-322.088,-12.8215,-4.429233333333343
14782,Jordan Love,QB,12.5775,36.584,45,-317.85876666666667,-285.46,24.006500000000003,32.39876666666669
14070,David Blough,QB,12.059999999999999,92.292,35,-318.37626666666665,-229.752,80.232,88.62426666666664
10696,Robert Griffin,QB,11.3344,16.512,51,-319.10186666666664,-305.53200000000004,5.1776,13.569866666666599
14793,Jake Luton,QB,10.940000000000001,45.032,42,-319.49626666666666,-277.012,34.092,42.484266666666656
9714,Brian Hoyer,QB,10.32,28.256,47,-320.11626666666666,-293.788,17.936,26.32826666666665
14068,Ryan Finley,QB,8.979500000000002,7.0920000000000005,57,-321.4567666666667,-314.952,-1.887500000000001,6.504766666666683
12623,Jeff Driskel,QB,7.6592,10.192,54,-322.77706666666666,-311.85200000000003,2.5328,10.925066666666623
9899,Colt McCoy,QB,7.2756,2.976,61,-323.16066666666666,-319.06800000000004,-4.2996,4.0926666666666165
10262,Blaine Gabbert,QB,7.204800000000001,1.452,63,-323.2314666666667,-320.592,-5.7528000000000015,2.639466666666692
11643,AJ McCarron,QB,7.204,1.816,62,-323.23226666666665,-320.228,-5.388,3.0042666666666378
11151,Matt Barkley,QB,6.900500000000001,38.164,44,-323.53576666666663,-283.88,31.2635,39.655766666666636
12145,Sean Mannion,QB,6.847,0.208,66,-323.5892666666667,-321.836,-6.639,1.7532666666666614
11150,Geno Smith,QB,6.76,21.064,49,-323.67626666666666,-300.98,14.304,22.696266666666645
9706,Chase Daniel,QB,6.002000000000001,24.612000000000002,48,-324.43426666666664,-297.432,18.61,27.002266666666628
9073,Chad Henne,QB,5.437,31.168000000000003,46,-324.99926666666664,-290.876,25.731,34.123266666666666
12142,Brett Hundley,QB,5.07,61.71999999999999,39,-325.36626666666666,-260.324,56.64999999999999,65.04226666666665
7480,Matt Schaub,QB,4.5225,15.528,52,-325.9137666666667,-306.516,11.005500000000001,19.397766666666655
13968,Nick Mullens,QB,4.198,3.2039999999999997,60,-326.2382666666667,-318.84,-0.9940000000000007,7.3982666666667
NA,John Wolford,QB,3.6886666666666668,41.128,43,-326.7476,-280.916,37.43933333333333,45.83159999999998
13879,Kyle Allen,QB,3.5925000000000002,5.26,59,-326.8437666666667,-316.784,1.6674999999999995,10.05976666666669
14780,Jacob Eason,QB,2.7600000000000002,-0.552,69,-327.67626666666666,-322.596,-3.3120000000000003,5.08026666666666
14781,Jake Fromm,QB,1.1800000000000002,-0.9279999999999999,70,-329.25626666666665,-322.972,-2.108,6.284266666666667
11835,David Fales,QB,0.12,-0.996,71,-330.31626666666665,-323.04,-1.116,7.276266666666629
13130,Christian McCaffrey,RB,386.5155,393.24,1,205.8793,227.11999999999998,6.724500000000035,21.240699999999975
13604,Saquon Barkley,RB,326.7453333333333,325.66,2,146.10913333333332,159.54,-1.085333333333267,13.430866666666674
12625,Ezekiel Elliott,RB,316.158,311.74,3,135.52180000000004,145.62,-4.418000000000006,10.098199999999963
13132,Alvin Kamara,RB,301.1275,297.8,4,120.49130000000002,131.68,-3.3274999999999864,11.188699999999983
13128,Dalvin Cook,RB,298.85966666666667,287.9,5,118.2234666666667,121.78,-10.959666666666692,3.556533333333306
12626,Derrick Henry,RB,267.92499999999995,273.18,6,87.28879999999998,107.05999999999999,5.255000000000052,19.771200000000007
14803,Clyde Edwards-Helaire,RB,262.42,252.98000000000002,7,81.78380000000004,86.86,-9.439999999999998,5.076199999999957
13404,Austin Ekeler,RB,261.18,243.3,8,80.54380000000003,77.18,-17.879999999999995,-3.363800000000026
14079,Miles Sanders,RB,259.53866666666664,233.32399999999998,9,78.90246666666667,67.204,-26.21466666666666,-11.698466666666675
12630,Kenyan Drake,RB,254.30150000000003,230.20000000000002,10,73.66530000000006,64.08,-24.101500000000016,-9.58530000000006
13131,Joe Mixon,RB,253.2506666666667,222.648,11,72.61446666666671,56.528,-30.602666666666693,-16.086466666666716
13319,Aaron Jones,RB,251.69100000000003,216.57999999999998,12,71.05480000000006,50.459999999999994,-35.11100000000005,-20.594800000000063
14073,Josh Jacobs,RB,243.31483333333338,210.45999999999998,13,62.67863333333341,44.33999999999999,-32.8548333333334,-18.33863333333342
13610,Nick Chubb,RB,237.634,204.76,14,56.99780000000001,38.63999999999998,-32.873999999999995,-18.357800000000033
12150,Todd Gurley,RB,232.029,199.94,15,51.39280000000002,33.81999999999999,-32.089,-17.57280000000003
13146,James Conner,RB,225.608,196.972,16,44.97180000000003,30.851999999999997,-28.635999999999996,-14.119800000000033
11192,Le'Veon Bell,RB,221.97,191.78,17,41.333800000000025,25.659999999999997,-30.189999999999998,-15.673800000000028
13364,Chris Carson,RB,221.19233333333335,187.8,18,40.55613333333338,21.679999999999996,-33.39233333333334,-18.87613333333338
12171,David Johnson,RB,217.94299999999998,186.01999999999998,19,37.30680000000001,19.899999999999988,-31.923000000000002,-17.406800000000022
12151,Melvin Gordon,RB,208.68099999999998,180.6,20,28.04480000000001,14.48,-28.08099999999999,-13.564800000000009
14852,Antonio Gibson,RB,183.97879999999998,176.66,21,3.3426000000000045,10.540000000000003,-7.318799999999982,7.197399999999998
13129,Leonard Fournette,RB,183.42400000000004,171.6,22,2.787800000000061,5.479999999999995,-11.82400000000004,2.692199999999934
14080,Devin Singletary,RB,182.7872,169.26,23,2.151000000000039,3.139999999999998,-13.527200000000022,0.988999999999959
13138,Kareem Hunt,RB,180.63619999999997,166.12,24,0,0,-14.51619999999997,0
14802,Jonathan Taylor,RB,178.7394,163.14000000000001,25,-1.8967999999999847,-2.9800000000000013,-15.599399999999974,-1.0832000000000166
14799,Cam Akers,RB,178.15599999999998,157.72,26,-2.4801999999999964,-8.400000000000006,-20.43599999999998,-5.919800000000009
13290,Tarik Cohen,RB,175.93880000000001,155.98,27,-4.697399999999959,-10.140000000000004,-19.958800000000025,-5.442600000000045
12447,Raheem Mostert,RB,174.7946,152.66,28,-5.841599999999971,-13.460000000000008,-22.134600000000006,-7.618400000000037
10276,Mark Ingram,RB,174.0652,149.408,29,-6.5709999999999695,-16.712000000000007,-24.657200000000017,-10.141000000000037
10276,Mark Ingram II,RB,174.0652,147.18,30,-6.5709999999999695,-18.94000000000001,-26.885199999999998,-12.369000000000039
11747,James White,RB,173.00060000000002,145.94,31,-7.635599999999954,-20.180000000000014,-27.060600000000022,-12.54440000000006
14071,David Montgomery,RB,164.19359999999998,142.29999999999998,32,-16.4426,-23.82000000000001,-21.893599999999992,-7.377400000000012
14797,D'Andre Swift,RB,164.1524,140.7,33,-16.483799999999974,-25.420000000000005,-23.45240000000001,-8.936200000000031
13614,Phillip Lindsay,RB,149.24099999999999,139.5,34,-31.39519999999999,-26.620000000000005,-9.740999999999985,4.775199999999984
13378,Matt Breida,RB,144.8246,137.38,35,-35.81159999999997,-28.74000000000001,-7.444600000000008,7.071599999999961
12634,Jordan Howard,RB,142.38459999999998,134.24,36,-38.251599999999996,-31.880000000000003,-8.144599999999969,6.371599999999994
13606,Ronald Jones,RB,136.7162,133.06,37,-43.91999999999999,-33.06,-3.656199999999984,10.859999999999985
13606,Ronald Jones II,RB,136.7162,131.28,38,-43.91999999999999,-34.84,-5.436199999999985,9.079999999999984
12157,Duke Johnson,RB,133.33159999999998,128.14000000000001,39,-47.304599999999994,-37.980000000000004,-5.191599999999966,9.32459999999999
13234,Marlon Mack,RB,131.50439999999998,122.28,40,-49.1318,-43.84,-9.224399999999974,5.291799999999995
11390,Latavius Murray,RB,131.37040000000002,118.92,41,-49.265799999999956,-47.20000000000001,-12.450400000000016,2.065799999999946
13612,Kerryon Johnson,RB,130.0884,115.4,42,-50.54779999999997,-50.720000000000006,-14.688400000000001,-0.1722000000000392
12152,Tevin Coleman,RB,129.7064,111.82000000000001,43,-50.92979999999997,-54.3,-17.886399999999995,-3.3702000000000254
14800,NA,RB,129.2326,109.528,44,-51.40359999999998,-56.592000000000006,-19.704599999999985,-5.188400000000023
14800,J.K. Dobbins,RB,129.2326,106.82000000000001,45,-51.40359999999998,-59.300000000000004,-22.412599999999983,-7.896400000000021
14798,Zack Moss,RB,123.14560000000002,104.88,46,-57.49059999999996,-61.24000000000001,-18.26560000000002,-3.749400000000051
11186,Chris Thompson,RB,122.3218,102.92,47,-58.31439999999998,-63.2,-19.401799999999994,-4.885600000000025
13607,Sony Michel,RB,121.34899999999999,101.25999999999999,48,-59.287199999999984,-64.86000000000001,-20.089,-5.572800000000029
13814,Boston Scott,RB,114.0348,98.56,49,-66.60139999999997,-67.56,-15.474800000000002,-0.9586000000000325
13622,Nyheim Hines,RB,112.91360000000002,96.04,50,-67.72259999999996,-70.08,-16.87360000000001,-2.357400000000041
14085,Tony Pollard,RB,111.4174,95.62,51,-69.21879999999997,-70.5,-15.797399999999996,-1.2812000000000268
14087,Darrell Henderson,RB,103.93159999999999,94.14,52,-76.70459999999999,-71.98,-9.791599999999988,4.724599999999981
12912,Jalen Richard,RB,98.1504,92.02,53,-82.48579999999997,-74.10000000000001,-6.130400000000009,8.38579999999996
13139,Jamaal Williams,RB,96.8258,89.48,54,-83.81039999999997,-76.64,-7.345799999999997,7.170399999999972
14223,Alexander Mattison,RB,92.58639999999998,86.32,55,-88.04979999999999,-79.80000000000001,-6.26639999999999,8.24979999999998
13726,Chase Edmonds,RB,91.57639999999999,85.74,56,-89.05979999999998,-80.38000000000001,-5.836399999999998,8.679799999999972
11193,Giovani Bernard,RB,91.1816,83.16,57,-89.45459999999997,-82.96000000000001,-8.021600000000007,6.494599999999963
14808,Darrynton Evans,RB,89.9684,81.08,58,-90.66779999999997,-85.04,-8.888400000000004,5.627799999999965
11761,Jerick McKinnon,RB,89.85,80.64,59,-90.78619999999998,-85.48,-9.209999999999994,5.306199999999976
14096,Devine Ozigbo,RB,89.41333333333331,77.88,60,-91.22286666666666,-88.24000000000001,-11.533333333333317,2.982866666666652
14813,James Robinson,RB,88.855,76.86,61,-91.78119999999997,-89.26,-11.995000000000005,2.521199999999965
14075,Damien Harris,RB,87.79750000000001,75.96,62,-92.83869999999996,-90.16000000000001,-11.83750000000002,2.6786999999999495
13623,Darrel Williams,RB,81.581,74.67999999999999,63,-99.05519999999997,-91.44000000000001,-6.9010000000000105,7.615199999999959
14807,Joshua Kelley,RB,79.5938,73.08,64,-101.04239999999997,-93.04,-6.513800000000003,8.002399999999966
13768,Ito Smith,RB,78.7302,71.44,65,-101.90599999999998,-94.68,-7.290199999999999,7.225999999999971
14805,NA,RB,78.3706,68.28,66,-102.26559999999998,-97.84,-10.090599999999995,4.4255999999999744
14805,A.J. Dillon,RB,78.3706,66.5,67,-102.26559999999998,-99.62,-11.870599999999996,2.6455999999999733
14805,AJ Dillon,RB,78.3706,65.42,68,-102.26559999999998,-100.7,-12.950599999999994,1.565599999999975
13620,Justin Jackson,RB,76.643,64.48,69,-103.99319999999997,-101.64,-12.162999999999997,2.3531999999999726
10389,Dion Lewis,RB,73.007,62.36,70,-107.62919999999997,-103.76,-10.647000000000006,3.869199999999964
8658,Adrian Peterson,RB,71.92399999999999,60.68,71,-108.71219999999998,-105.44000000000001,-11.243999999999993,3.2721999999999696
11182,Rex Burkhead,RB,71.4312,57.120000000000005,72,-109.20499999999997,-109,-14.3112,0.20499999999996987
14072,Benny Snell,RB,70.3618,54.88,73,-110.27439999999997,-111.24000000000001,-15.4818,-0.9656000000000375
14072,Benny Snell Jr.,RB,70.3618,53.22,74,-110.27439999999997,-112.9,-17.141800000000003,-2.625600000000034
14093,Ryquell Armstead,RB,69.017,52.4,75,-111.61919999999998,-113.72,-16.616999999999997,-2.100800000000021
12386,Malcolm Brown,RB,67.1746,50.14,76,-113.46159999999998,-115.98,-17.034599999999998,-2.518400000000028
14804,Anthony McFarland,RB,64.51679999999999,47.84,77,-116.11939999999998,-118.28,-16.676799999999986,-2.1606000000000165
14804,Anthony McFarland Jr.,RB,64.51679999999999,45.64,78,-116.11939999999998,-120.48,-18.87679999999999,-4.360600000000019
7877,Frank Gore,RB,63.39619999999999,44.379999999999995,79,-117.23999999999998,-121.74000000000001,-19.016199999999998,-4.500000000000028
13613,Jaylen Samuels,RB,63.28825,42.42,80,-117.34794999999997,-123.7,-20.868249999999996,-6.352050000000034
11367,Kyle Juszczyk,RB,63.202749999999995,41.9,81,-117.43344999999998,-124.22,-21.302749999999996,-6.78655000000002
14082,Bryce Love,RB,61.177499999999995,40.94,82,-119.45869999999998,-125.18,-20.237499999999997,-5.721300000000028
13617,Royce Freeman,RB,60.6212,40.28,83,-120.01499999999997,-125.84,-20.3412,-5.825000000000031
13608,Rashaad Penny,RB,59.7312,38.08,84,-120.90499999999997,-128.04,-21.651200000000003,-7.135000000000019
11657,Carlos Hyde,RB,58.963,37.24,85,-121.67319999999998,-128.88,-21.723,-7.206800000000015
12637,Peyton Barber,RB,56.7766,36.04,86,-123.85959999999997,-130.08,-20.736600000000003,-6.220400000000041
13240,Brian Hill,RB,55.9765,34.56,87,-124.65969999999997,-131.56,-21.4165,-6.90030000000003
9448,LeSean McCoy,RB,52.19199999999999,33.56,88,-128.44419999999997,-132.56,-18.63199999999999,-4.115800000000036
14806,Lamical Perine,RB,47.679500000000004,32.44,89,-132.95669999999996,-133.68,-15.239500000000007,-0.7233000000000516
14806,La'Mical Perine,RB,47.679500000000004,31.36,90,-132.95669999999996,-134.76000000000002,-16.319500000000005,-1.803300000000064
14815,DeeJay Dallas,RB,46.96075,29.68,91,-133.67544999999998,-136.44,-17.280749999999998,-2.764550000000014
12164,Mike Davis,RB,46.15025,29.12,92,-134.48594999999997,-137,-17.03025,-2.514050000000026
14810,Ke'Shawn Vaughn,RB,44.720200000000006,28.72,93,-135.91599999999997,-137.4,-16.000200000000007,-1.4840000000000373
13108,NA,RB,41.57333333333333,27.22,94,-139.06286666666665,-138.9,-14.353333333333332,0.16286666666664473
13108,J.D. McKissic,RB,41.57333333333333,26.16,95,-139.06286666666665,-139.96,-15.41333333333333,-0.8971333333333575
13850,Gus Edwards,RB,40.257600000000004,24.988,96,-140.37859999999998,-141.132,-15.269600000000004,-0.7534000000000276
12806,Andy Janovich,RB,39.925000000000004,23.92,97,-140.71119999999996,-142.20000000000002,-16.005000000000003,-1.4888000000000545
14086,Justice Hill,RB,38.7982,23.259999999999998,98,-141.83799999999997,-142.86,-15.538200000000003,-1.0220000000000482
13849,Ryan Nall,RB,36.71,22.400000000000002,99,-143.92619999999997,-143.72,-14.309999999999999,0.20619999999996708
12153,T.J. Yeldon,RB,36.64525,20.88,100,-143.99094999999997,-145.24,-15.765249999999998,-1.2490500000000395
12629,Devontae Booker,RB,34.7875,20.08,101,-145.84869999999998,-146.04,-14.707500000000003,-0.19130000000001246
NA,Chandler Cox,RB,33.86812765957447,19.18,102,-146.7680723404255,-146.94,-14.68812765957447,-0.17192765957449296
NA,J.D. McKissic,RB,33.86812765957447,18.580000000000002,103,-146.7680723404255,-147.54,-15.288127659574467,-0.7719276595744873
NA,Patrick Laird,RB,33.86812765957447,17.94,104,-146.7680723404255,-148.18,-15.928127659574468,-1.411927659574502
NA,Alec Ingold,RB,33.86812765957447,17.740000000000002,105,-146.7680723404255,-148.38,-16.128127659574467,-1.6119276595744907
NA,D'Ernest Johnson,RB,33.86812765957447,16.96,106,-146.7680723404255,-149.16,-16.90812765957447,-2.391927659574492
NA,Khari Blasingame,RB,33.86812765957447,16.28,107,-146.7680723404255,-149.84,-17.588127659574468,-3.0719276595744986
NA,Jakob Johnson,RB,33.86812765957447,15.68,108,-146.7680723404255,-150.44,-18.18812765957447,-3.671927659574493
NA,Reggie Gilliam,RB,33.86812765957447,15.319999999999999,109,-146.7680723404255,-150.8,-18.54812765957447,-4.031927659574507
NA,Cullen Gillaspia,RB,33.86812765957447,14.96,110,-146.7680723404255,-151.16,-18.90812765957447,-4.391927659574492
NA,James Robinson,RB,33.86812765957447,14.54,111,-146.7680723404255,-151.58,-19.32812765957447,-4.811927659574508
NA,Jeff Wilson,RB,33.86812765957447,13.84,112,-146.7680723404255,-152.28,-20.02812765957447,-5.511927659574496
NA,Ryan Nall,RB,33.86812765957447,13.340000000000002,113,-146.7680723404255,-152.78,-20.528127659574466,-6.011927659574496
NA,Reggie Bonnafon,RB,33.86812765957447,13.06,114,-146.7680723404255,-153.06,-20.808127659574467,-6.2919276595744975
NA,Bryce Love,RB,33.86812765957447,12.479999999999999,115,-146.7680723404255,-153.64,-21.388127659574472,-6.871927659574482
NA,Devine Ozigbo,RB,33.86812765957447,11.98,116,-146.7680723404255,-154.14000000000001,-21.88812765957447,-7.37192765957451
NA,Travis Homer,RB,33.86812765957447,11.68,117,-146.7680723404255,-154.44,-22.18812765957447,-7.671927659574493
NA,Bo Scarbrough,RB,33.86812765957447,11.24,118,-146.7680723404255,-154.88,-22.628127659574467,-8.11192765957449
NA,Jordan Scarlett,RB,33.86812765957447,10.72,119,-146.7680723404255,-155.4,-23.14812765957447,-8.631927659574501
NA,Qadree Ollison,RB,33.86812765957447,10.24,120,-146.7680723404255,-155.88,-23.628127659574467,-9.11192765957449
NA,Andrew Beck,RB,33.86812765957447,9.904,121,-146.7680723404255,-156.216,-23.96412765957447,-9.447927659574503
NA,Tony Brooks-James,RB,33.86812765957447,9.58,122,-146.7680723404255,-156.54,-24.28812765957447,-9.771927659574487
NA,Jonathan Hilliman,RB,33.86812765957447,9.280000000000001,123,-146.7680723404255,-156.84,-24.588127659574468,-10.071927659574499
NA,Ty Johnson,RB,33.86812765957447,9.1,124,-146.7680723404255,-157.02,-24.768127659574468,-10.251927659574505
NA,Damarea Crockett,RB,33.86812765957447,8.62,125,-146.7680723404255,-157.5,-25.24812765957447,-10.731927659574495
NA,Ryquell Armstead,RB,33.86812765957447,8.16,126,-146.7680723404255,-157.96,-25.70812765957447,-11.191927659574503
NA,Damien Harris,RB,33.86812765957447,8,127,-146.7680723404255,-158.12,-25.86812765957447,-11.3519276595745
NA,Darrel Williams,RB,33.86812765957447,7.5,128,-146.7680723404255,-158.62,-26.36812765957447,-11.8519276595745
NA,Lynn Bowden Jr.,RB,33.86812765957447,6.92,129,-146.7680723404255,-159.2,-26.948127659574467,-12.431927659574484
NA,Darwin Thompson,RB,33.86812765957447,6.7,130,-146.7680723404255,-159.42000000000002,-27.16812765957447,-12.651927659574511
13136,Corey Clement,RB,33.2,6.54,131,-147.43619999999999,-159.58,-26.660000000000004,-12.143800000000027
14843,Lynn Bowden Jr.,RB,32.185,6.22,132,-148.45119999999997,-159.9,-25.965000000000003,-11.448800000000034
14284,Darwin Thompson,RB,30.483999999999995,6.02,133,-150.1522,-160.10000000000002,-24.463999999999995,-9.94780000000003
14823,Rico Dowdle,RB,28.7,5.54,134,-151.93619999999999,-160.58,-23.16,-8.643800000000027
14083,Travis Homer,RB,28.66,5.32,135,-151.97619999999998,-160.8,-23.34,-8.823800000000034
14331,D'Ernest Johnson,RB,28.4,5,136,-152.23619999999997,-161.12,-23.4,-8.883800000000036
12261,Ty Montgomery,RB,27.071666666666665,4.58,137,-153.56453333333332,-161.54,-22.491666666666667,-7.9754666666666765
14081,Myles Gaskin,RB,25.278,4.279999999999999,138,-155.35819999999998,-161.84,-20.997999999999998,-6.481800000000021
13789,Jordan Wilkins,RB,24.951249999999998,4.02,139,-155.68495,-162.1,-20.93125,-6.415050000000008
13615,Bo Scarbrough,RB,24.67,3.6,140,-155.96619999999996,-162.52,-21.07,-6.553800000000052
13868,Mike Boone,RB,24.412333333333333,3.44,141,-156.22386666666665,-162.68,-20.97233333333333,-6.456133333333355
14017,Jeff Wilson,RB,24.305,3.12,142,-156.33119999999997,-163,-21.185,-6.668800000000033
15022,Malcolm Perry,RB,23.7,3.02,143,-156.93619999999999,-163.10000000000002,-20.68,-6.1638000000000375
14095,Ty Johnson,RB,22.14,2.72,144,-158.4962,-163.4,-19.42,-4.903800000000018
12923,CJ Ham,RB,21.5745,2.34,145,-159.06169999999997,-163.78,-19.2345,-4.718300000000028
12923,C.J. Ham,RB,21.5745,2.22,146,-159.06169999999997,-163.9,-19.3545,-4.838300000000032
14801,Eno Benjamin,RB,20.71,2.04,147,-159.92619999999997,-164.08,-18.67,-4.153800000000047
12639,Tyler Ervin,RB,15.650333333333332,1.76,148,-164.98586666666665,-164.36,-13.890333333333333,0.6258666666666386
12155,Ameer Abdullah,RB,15.529999999999998,1.66,149,-165.10619999999997,-164.46,-13.869999999999997,0.6461999999999648
14097,Qadree Ollison,RB,14.306666666666668,1.48,150,-166.3295333333333,-164.64000000000001,-12.826666666666668,1.6895333333332871
14076,Trayveon Williams,RB,14.195,1.24,151,-166.44119999999998,-164.88,-12.955,1.5611999999999853
13455,Patrick Ricard,RB,14.1475,1.1600000000000001,152,-166.48869999999997,-164.96,-12.9875,1.528699999999958
13239,Elijhaa Penny,RB,13.78,1.1,153,-166.85619999999997,-165.02,-12.68,1.8361999999999625
13135,Wayne Gallman,RB,13.31275,0.975,154,-167.32344999999998,-164.075,-12.33775,3.248449999999991
13916,Buddy Howell,RB,12.941,0.775,155,-167.69519999999997,-164.275,-12.166,3.4201999999999657
12823,Derek Watt,RB,12.7535,0.9666666666666667,156,-167.88269999999997,-161.96666666666667,-11.786833333333334,5.916033333333303
13326,Alex Armah,RB,12.457333333333333,0.8666666666666666,157,-168.17886666666664,-162.06666666666666,-11.590666666666666,6.112199999999973
12040,Keith Smith,RB,12.1015,0.7666666666666666,158,-168.5347,-162.16666666666666,-11.334833333333332,6.368033333333329
10378,Anthony Sherman,RB,10.0715,1.15,159,-170.56469999999996,-161.15000000000003,-8.9215,9.414699999999925
14319,Andrew Beck,RB,8.469999999999999,0.95,160,-172.16619999999998,-161.35000000000002,-7.519999999999999,10.816199999999952
13816,Trenton Cannon,RB,7.638999999999999,0.65,161,-172.99719999999996,-161.65000000000003,-6.988999999999999,11.34719999999993
14818,Xavier Jones,RB,7.23,0.5999999999999999,162,-173.40619999999998,-161.70000000000002,-6.630000000000001,11.706199999999967
12845,Dwayne Washington,RB,6.653666666666666,-0.5,163,-173.98253333333332,-162.8,-7.153666666666666,11.18253333333331
10368,Taiwan Jones,RB,4.7775,-0.65,164,-175.85869999999997,-162.95000000000002,-5.4275,12.908699999999953
13133,Samaje Perine,RB,3.5400000000000005,-1.0499999999999998,165,-177.09619999999998,-163.35000000000002,-4.59,13.74619999999996
12325,Michael Burton,RB,3.466,0.6,166,-177.17019999999997,-161.20000000000002,-2.866,15.970199999999949
12652,Michael Thomas,WR,335.06983333333335,341.58000000000004,1,109.78799999999998,142.40000000000003,6.5101666666666915,32.61200000000005
11675,Davante Adams,WR,300.413,317.86,2,75.13116666666664,118.68000000000002,17.447000000000003,43.54883333333338
10271,Julio Jones,WR,284.9185,304.72,3,59.63666666666663,105.54000000000002,19.801500000000033,45.90333333333339
11232,DeAndre Hopkins,WR,272.4343333333333,297.116,4,47.15249999999995,97.93600000000002,24.681666666666672,50.783500000000075
12801,Tyreek Hill,WR,267.96216666666663,289.46,5,42.680333333333266,90.28000000000002,21.497833333333347,47.59966666666675
13163,Chris Godwin,WR,254.50933333333336,279.88,6,29.227499999999992,80.7,25.370666666666637,51.47250000000001
13277,Kenny Golladay,WR,248.79666666666668,270.736,7,23.514833333333314,71.55600000000001,21.93933333333331,48.0411666666667
13635,NA,WR,244.97039999999998,264.15999999999997,8,19.688566666666617,64.98,19.189599999999984,45.29143333333339
13635,D.J. Moore,WR,244.97039999999998,257.532,9,19.688566666666617,58.352000000000004,12.561599999999999,38.66343333333339
11228,Robert Woods,WR,241.74450000000002,250.96,10,16.46266666666665,51.780000000000015,9.215499999999992,35.317333333333366
13164,Cooper Kupp,WR,241.17733333333334,249.62,11,15.89549999999997,50.44000000000001,8.442666666666668,34.54450000000004
11678,Allen Robinson,WR,239.57966666666667,244.54,12,14.297833333333301,45.360000000000014,4.960333333333324,31.062166666666712
11671,Mike Evans,WR,239.35766666666666,237.52,13,14.075833333333293,38.34000000000001,-1.8376666666666495,24.264166666666718
11938,Adam Thielen,WR,239.292,235.68,14,14.010166666666635,36.500000000000014,-3.6119999999999948,22.48983333333338
13156,JuJu Smith-Schuster,WR,238.0236,232.34799999999998,15,12.74176666666662,33.168000000000006,-5.675600000000003,20.426233333333386
11679,Odell Beckham,WR,236.2348333333333,223.26,16,10.952999999999946,24.080000000000013,-12.974833333333322,13.127000000000066
11679,Odell Beckham Jr.,WR,236.2348333333333,220.76,17,10.952999999999946,21.580000000000013,-15.474833333333322,10.627000000000066
12175,Amari Cooper,WR,236.0025,216.404,18,10.72066666666663,17.224000000000007,-19.5985,6.5033333333333765
13629,Calvin Ridley,WR,232.3158333333333,214.792,19,7.033999999999935,15.612000000000013,-17.5238333333333,8.578000000000078
11222,Keenan Allen,WR,232.2506,211.30800000000002,20,6.968766666666625,12.12800000000002,-20.94259999999997,5.159233333333395
13630,Courtland Sutton,WR,228.035,208.68,21,2.7531666666666297,9.500000000000005,-19.35499999999999,6.746833333333376
14104,NA,WR,225.28183333333337,205.08,22,0,5.900000000000011,-20.201833333333354,5.900000000000011
14104,A.J. Brown,WR,225.28183333333337,202.424,23,0,3.2440000000000055,-22.85783333333336,3.2440000000000055
14104,AJ Brown,WR,225.28183333333337,199.17999999999998,24,0,0,-26.10183333333339,0
12187,Tyler Lockett,WR,223.9058,194.476,25,-1.3760333333333676,-4.703999999999985,-29.4298,-3.327966666666617
12176,DeVante Parker,WR,223.6384,191.928,26,-1.6434333333333768,-7.251999999999993,-31.710399999999993,-5.608566666666616
10729,NA,WR,218.6744,190.54,27,-6.6074333333333755,-8.639999999999992,-28.1344,-2.0325666666666162
10729,T.Y. Hilton,WR,218.6744,188.72,28,-6.6074333333333755,-10.459999999999997,-29.954399999999993,-3.852566666666622
10729,T Y Hilton,WR,218.6744,187.72,29,-6.6074333333333755,-11.45999999999999,-30.954399999999993,-4.852566666666615
14109,Terry McLaurin,WR,215.4116,186.56,30,-9.870233333333374,-12.619999999999987,-28.85159999999999,-2.7497666666666127
12186,Stefon Diggs,WR,215.033,183.88,31,-10.24883333333338,-15.299999999999988,-31.15299999999999,-5.051166666666608
13668,NA,WR,214.7428,181.96,32,-10.539033333333379,-17.219999999999988,-32.78279999999998,-6.68096666666661
13668,D.J. Chark,WR,214.7428,179.26,33,-10.539033333333379,-19.919999999999987,-35.4828,-9.380966666666609
14102,DK Metcalf,WR,212.88275,176.44,34,-12.39908333333338,-22.73999999999999,-36.44274999999999,-10.340916666666612
14102,D.K. Metcalf,WR,212.88275,172.45999999999998,35,-12.39908333333338,-26.72,-40.42275000000001,-14.32091666666662
9662,Julian Edelman,WR,211.68019999999999,169.28,36,-13.601633333333382,-29.899999999999988,-42.400199999999984,-16.298366666666606
11680,Jarvis Landry,WR,207.03300000000002,168.04,37,-18.24883333333335,-31.139999999999997,-38.99300000000002,-12.891166666666646
12650,Tyler Boyd,WR,205.62939999999998,166.5,38,-19.65243333333339,-32.67999999999999,-39.129399999999976,-13.027566666666601
10261,NA,WR,203.27440000000001,164.24,39,-22.007433333333353,-34.93999999999998,-39.034400000000005,-12.93256666666663
10261,A.J. Green,WR,203.27440000000001,162.776,40,-22.007433333333353,-36.40399999999998,-40.498400000000004,-14.39656666666663
14105,Marquise Brown,WR,202.95999999999998,159.46,41,-22.321833333333387,-39.71999999999999,-43.49999999999997,-17.398166666666604
13646,Michael Gallup,WR,199.5396,157.12,42,-25.74223333333336,-42.059999999999995,-42.4196,-16.317766666666635
13633,Christian Kirk,WR,190.45899999999997,154.6,43,-34.82283333333339,-44.57999999999999,-35.85899999999998,-9.757166666666599
10738,Marvin Jones,WR,188.915,153.72,44,-36.366833333333375,-45.45999999999999,-35.19499999999999,-9.093166666666612
12647,Will Fuller,WR,188.37259999999998,151.24,45,-36.90923333333339,-47.93999999999998,-37.13259999999997,-11.030766666666594
12184,Jamison Crowder,WR,187.7364,148.76,46,-37.545433333333364,-50.41999999999999,-38.97640000000001,-12.874566666666624
11674,Brandin Cooks,WR,187.6714,146.98,47,-37.61043333333336,-52.199999999999996,-40.691400000000016,-14.589566666666634
12658,Sterling Shepard,WR,184.4942,144.9,48,-40.78763333333336,-54.27999999999999,-39.5942,-13.492366666666626
14208,Diontae Johnson,WR,181.666,143.52,49,-43.61583333333337,-55.65999999999998,-38.14599999999999,-12.044166666666612
14136,Deebo Samuel,WR,174.85320000000002,139.504,50,-50.42863333333335,-59.67599999999999,-35.349200000000025,-9.247366666666636
11783,John Brown,WR,173.17559999999997,138.22,51,-52.10623333333339,-60.959999999999994,-34.955599999999976,-8.853766666666601
14834,Henry Ruggs,WR,172.34640000000002,135.84,52,-52.93543333333335,-63.33999999999999,-36.50640000000001,-10.40456666666664
14834,Henry Ruggs III,WR,172.34640000000002,134.92,53,-52.93543333333335,-64.25999999999999,-37.42640000000003,-11.324566666666641
9918,Emmanuel Sanders,WR,171.4364,133.76,54,-53.845433333333375,-65.41999999999999,-37.6764,-11.574566666666612
14126,Preston Williams,WR,170.46375,132.42000000000002,55,-54.81808333333336,-66.75999999999999,-38.04374999999999,-11.941916666666629
13639,Anthony Miller,WR,164.9796,129.46,56,-60.30223333333336,-69.71999999999998,-35.5196,-9.417766666666623
9831,Golden Tate,WR,163.0988,126.984,57,-62.183033333333356,-72.19599999999998,-36.11480000000002,-10.012966666666628
14833,Jerry Jeudy,WR,159.2892,124.8,58,-65.99263333333337,-74.38,-34.4892,-8.387366666666622
13154,Mike Williams,WR,159.24675000000002,122.46000000000001,59,-66.03508333333335,-76.71999999999998,-36.78675000000001,-10.684916666666638
14832,CeeDee Lamb,WR,159.12560000000002,120.504,60,-66.15623333333335,-78.67599999999999,-38.621600000000015,-12.51976666666664
14836,Justin Jefferson,WR,158.6012,118.14,61,-66.68063333333336,-81.03999999999999,-40.461200000000005,-14.35936666666663
9075,DeSean Jackson,WR,155.0592,116.44,62,-70.22263333333336,-82.74,-38.619200000000006,-12.517366666666632
14122,Darius Slayton,WR,155.01333333333332,115.44,63,-70.26850000000005,-83.74,-39.57333333333332,-13.47149999999995
12930,Robby Anderson,WR,154.12539999999998,113.928,64,-71.15643333333338,-85.252,-40.19739999999999,-14.095566666666613
11670,Sammy Watkins,WR,153.9866,113,65,-71.29523333333336,-86.17999999999999,-40.98660000000001,-14.884766666666636
14613,Steven Sims,WR,152,109.2,66,-73.28183333333337,-89.97999999999999,-42.8,-16.698166666666623
13632,Allen Lazard,WR,151.95475,107.48,67,-73.32708333333338,-91.69999999999999,-44.474749999999986,-18.37291666666661
13157,Curtis Samuel,WR,151.68599999999998,105.3,68,-73.59583333333339,-93.88,-46.38599999999998,-20.284166666666607
14842,Michael Pittman,WR,151.1468,104.7,69,-74.13503333333335,-94.47999999999999,-46.44680000000001,-20.344966666666636
14842,Michael Pittman Jr.,WR,151.1468,104.04,70,-74.13503333333335,-95.13999999999999,-47.10680000000001,-21.004966666666633
12197,Breshad Perriman,WR,149.8666,102.7,71,-75.41523333333336,-96.47999999999999,-47.1666,-21.064766666666628
10973,Cole Beasley,WR,146.98260000000002,101.5,72,-78.29923333333335,-97.67999999999999,-45.48260000000002,-19.380766666666645
14839,Jalen Reagor,WR,144.893,100.428,73,-80.38883333333337,-98.75199999999998,-44.465,-18.363166666666615
14123,Hunter Renfrow,WR,144.51075,98.98,74,-80.77108333333337,-100.19999999999999,-45.53075,-19.428916666666623
14101,N'Keal Harry,WR,142.2816,97.9,75,-83.00023333333337,-101.27999999999999,-44.38159999999999,-18.279766666666617
13153,Corey Davis,WR,141.845,97.07600000000001,76,-83.43683333333337,-102.10399999999998,-44.76899999999999,-18.667166666666617
14844,Bryan Edwards,WR,138.7938,95.44,77,-86.48803333333336,-103.74,-43.35380000000001,-17.251966666666632
9308,Danny Amendola,WR,137.18779999999998,94.03999999999999,78,-88.09403333333339,-105.13999999999999,-43.14779999999999,-17.0459666666666
14840,Brandon Aiyuk,WR,136.2546,91.492,79,-89.02723333333336,-107.68799999999999,-44.762600000000006,-18.660766666666632
13158,Dede Westbrook,WR,131.4722,90.56,80,-93.80963333333338,-108.61999999999999,-40.912199999999984,-14.81036666666661
14113,Mecole Hardman,WR,130.5618,88.68,81,-94.72003333333336,-110.49999999999999,-41.8818,-15.779966666666624
7393,Larry Fitzgerald,WR,130.3586,87.89999999999999,82,-94.92323333333337,-111.27999999999999,-42.458600000000004,-16.356766666666616
10308,Randall Cobb,WR,126.87819999999999,86.72,83,-98.40363333333337,-112.46,-40.158199999999994,-14.05636666666662
14112,Parris Campbell,WR,118.6098,85.38,84,-106.67203333333336,-113.8,-33.22980000000001,-7.127966666666637
14835,Tee Higgins,WR,117.60974999999999,84.14,85,-107.67208333333338,-115.03999999999999,-33.46974999999999,-7.367916666666616
14838,NA,WR,116.955,82.4,86,-108.32683333333337,-116.77999999999999,-34.55499999999999,-8.453166666666618
14838,Laviska Shenault Jr.,WR,116.955,81.16,87,-108.32683333333337,-118.01999999999998,-35.795,-9.693166666666613
14838,Laviska Shenault,WR,116.955,79.74000000000001,88,-108.32683333333337,-119.43999999999998,-37.21499999999999,-11.113166666666615
10960,Josh Gordon,WR,112.30000000000001,77.82,89,-112.98183333333336,-121.35999999999999,-34.48000000000002,-8.37816666666663
14846,Denzel Mims,WR,110.9536,76.06,90,-114.32823333333337,-123.11999999999999,-34.89359999999999,-8.791766666666618
10722,Alshon Jeffery,WR,109.4312,75.04,91,-115.85063333333336,-124.13999999999999,-34.3912,-8.289366666666623
13631,James Washington,WR,108.6016,73.08800000000001,92,-116.68023333333336,-126.09199999999998,-35.5136,-9.411766666666622
12257,Chris Conley,WR,106.1782,72.14,93,-119.10363333333336,-127.03999999999999,-34.0382,-7.936366666666629
12505,Adam Humphries,WR,104.6562,70.84,94,-120.62563333333337,-128.33999999999997,-33.816199999999995,-7.714366666666606
11227,Kenny Stills,WR,101.38300000000001,70.04,95,-123.89883333333336,-129.14,-31.343000000000004,-5.241166666666629
13155,John Ross,WR,98.8684,67.03999999999999,96,-126.41343333333337,-132.14,-31.828400000000002,-5.7265666666666135
12814,Jakeem Grant,WR,98.81475,65.78,97,-126.46708333333336,-133.39999999999998,-33.03475,-6.932916666666614
13418,Kendrick Bourne,WR,96.639,65.4,98,-128.64283333333339,-133.78,-31.23899999999999,-5.137166666666616
14841,Chase Claypool,WR,96.57159999999999,64.06,99,-128.71023333333338,-135.12,-32.51159999999999,-6.409766666666627
13168,Josh Reynolds,WR,94.52,62.82,100,-130.76183333333336,-136.35999999999999,-31.699999999999996,-5.5981666666666285
14125,Miles Boykin,WR,93.16025000000002,61.54,101,-132.12158333333335,-137.64,-31.62025000000002,-5.5184166666666385
14858,Van Jefferson,WR,92.4376,60.56,102,-132.84423333333336,-138.61999999999998,-31.8776,-5.7757666666666125
13809,Russell Gage,WR,92.028,59.36,103,-133.25383333333338,-139.82,-32.668000000000006,-6.566166666666618
13645,Tre'Quan Smith,WR,91.9232,58.2,104,-133.3586333333334,-140.98,-33.72319999999999,-7.621366666666603
12181,Nelson Agholor,WR,87.88399999999999,57.16,105,-137.39783333333338,-142.01999999999998,-30.72399999999999,-4.622166666666601
14837,NA,WR,86.61760000000001,54.98,106,-138.66423333333336,-144.2,-31.637600000000013,-5.535766666666632
14837,KJ Hamler,WR,86.61760000000001,54.42,107,-138.66423333333336,-144.76,-32.19760000000001,-6.095766666666634
14837,K.J. Hamler,WR,86.61760000000001,53.78,108,-138.66423333333336,-145.39999999999998,-32.83760000000001,-6.7357666666666205
11951,Willie Snead,WR,82.34875,52.36,109,-142.93308333333337,-146.82,-29.988749999999996,-3.8869166666666217
13793,Marquez Valdes-Scantling,WR,81.244,52.04,110,-144.03783333333337,-147.14,-29.204,-3.1021666666666192
11957,Dontrelle Inman,WR,80.48866666666667,50.86,111,-144.7931666666667,-148.32,-29.628666666666675,-3.526833333333286
14107,J.J. Arcega-Whiteside,WR,75.6125,49.879999999999995,112,-149.66933333333338,-149.29999999999998,-25.7325,0.369333333333401
14107,JJ Arcega-Whiteside,WR,75.6125,49.199999999999996,113,-149.66933333333338,-149.98,-26.4125,-0.3106666666666058
14305,Olabisi Johnson,WR,70.625,48.120000000000005,114,-154.65683333333337,-151.06,-22.504999999999995,3.5968333333333646
13488,Zach Pascal,WR,70.56049999999999,47.36,115,-154.72133333333338,-151.82,-23.20049999999999,2.9013333333333833
13412,Keelan Cole,WR,69.08725000000001,46.4,116,-156.19458333333336,-152.78,-22.687250000000013,3.414583333333354
14847,Devin Duvernay,WR,68.88875,45.42,117,-156.39308333333338,-153.76,-23.46875,2.6330833333333885
13637,Equanimeous St. Brown,WR,68.59100000000001,44.72,118,-156.69083333333336,-154.45999999999998,-23.87100000000001,2.230833333333379
14127,Jakobi Meyers,WR,68.36449999999999,43.42,119,-156.91733333333337,-155.76,-24.94449999999999,1.1573333333333835
14121,Andy Isabella,WR,67.697,42.74,120,-157.58483333333336,-156.44,-24.957,1.1448333333333665
12188,Phillip Dorsett,WR,66.598,41.72,121,-158.68383333333338,-157.45999999999998,-24.878,1.2238333333334026
13642,Auden Tate,WR,62.627250000000004,41.38,122,-162.65458333333336,-157.79999999999998,-21.24725,4.85458333333338
12657,Tajae Sharpe,WR,62.623,40.52,123,-162.65883333333338,-158.66,-22.102999999999994,3.99883333333338
12464,Damiere Byrd,WR,61.79833333333333,40.04,124,-163.48350000000005,-159.14,-21.758333333333333,4.343500000000063
13176,Zay Jones,WR,60.652,38.9,125,-164.62983333333335,-160.28,-21.752000000000002,4.3498333333333505
12785,Demarcus Robinson,WR,60.08775,38.419999999999995,126,-165.19408333333337,-160.76,-21.667750000000005,4.434083333333376
13348,David Moore,WR,59.643,38.184,127,-165.63883333333337,-160.99599999999998,-21.459000000000003,4.642833333333385
13864,Greg Ward,WR,59.58,37.48,128,-165.70183333333335,-161.7,-22.1,4.001833333333366
14280,Scott Miller,WR,54.55,36.5,129,-170.73183333333338,-162.67999999999998,-18.049999999999997,8.051833333333406
14862,Joe Reed,WR,51.563500000000005,35.58,130,-173.71833333333336,-163.6,-15.983500000000006,10.118333333333368
12656,Rashard Higgins,WR,50.721999999999994,34.6,131,-174.55983333333336,-164.57999999999998,-16.121999999999993,9.979833333333374
NA,Greg Ward,WR,49.24751334129829,34.34,132,-176.03431999203508,-164.84,-14.907513341298284,11.194319992035076
NA,Bisi Johnson,WR,49.24751334129829,33.327999999999996,133,-176.03431999203508,-165.85199999999998,-15.919513341298291,10.182319992035104
NA,D.K. Metcalf,WR,49.24751334129829,32.32,134,-176.03431999203508,-166.85999999999999,-16.927513341298287,9.174319992035095
NA,Mike Williams,WR,49.24751334129829,31.32,135,-176.03431999203508,-167.85999999999999,-17.927513341298287,8.174319992035095
NA,Steven Sims,WR,49.24751334129829,30.02,136,-176.03431999203508,-169.16,-19.227513341298287,6.874319992035083
NA,Antonio Gandy-Golden,WR,49.24751334129829,29.3,137,-176.03431999203508,-169.88,-19.947513341298286,6.154319992035084
NA,Gunner Olszewski,WR,49.24751334129829,28.42,138,-176.03431999203508,-170.76,-20.827513341298285,5.274319992035089
NA,K.J. Hill,WR,49.24751334129829,27.7,139,-176.03431999203508,-171.48,-21.547513341298288,4.55431999203509
NA,Donovan Peoples-Jones,WR,49.24751334129829,26.32,140,-176.03431999203508,-172.85999999999999,-22.927513341298287,3.1743199920350946
NA,James Proche,WR,49.24751334129829,25.52,141,-176.03431999203508,-173.66,-23.727513341298287,2.3743199920350833
NA,Gabriel Davis,WR,49.24751334129829,25.1,142,-176.03431999203508,-174.07999999999998,-24.147513341298286,1.9543199920350958
NA,Quez Watkins,WR,49.24751334129829,24.259999999999998,143,-176.03431999203508,-174.92,-24.98751334129829,1.1143199920350924
NA,Dezmon Patmon,WR,49.24751334129829,23.98,144,-176.03431999203508,-175.2,-25.267513341298287,0.8343199920350912
NA,Christian Blake,WR,49.24751334129829,23.4,145,-176.03431999203508,-175.78,-25.84751334129829,0.2543199920350787
NA,Olamide Zaccheaus,WR,49.24751334129829,22.72,146,-176.03431999203508,-176.45999999999998,-26.527513341298288,-0.4256800079648997
NA,Jalen Guyton,WR,49.24751334129829,22.16,147,-176.03431999203508,-177.01999999999998,-27.087513341298287,-0.985680007964902
NA,Deonte Harris,WR,49.24751334129829,21.22,148,-176.03431999203508,-177.95999999999998,-28.027513341298288,-1.9256800079648997
NA,Isaiah Hodgins,WR,49.24751334129829,20.5,149,-176.03431999203508,-178.68,-28.747513341298287,-2.645680007964927
NA,C.J. Board,WR,49.24751334129829,19.9,150,-176.03431999203508,-179.28,-29.34751334129829,-3.2456800079649213
NA,Jason Moore,WR,49.24751334129829,19.5,151,-176.03431999203508,-179.67999999999998,-29.747513341298287,-3.6456800079648986
NA,Michael Walker,WR,49.24751334129829,18.9,152,-176.03431999203508,-180.28,-30.34751334129829,-4.245680007964921
NA,Jeff Smith,WR,49.24751334129829,18.66,153,-176.03431999203508,-180.51999999999998,-30.587513341298287,-4.485680007964902
NA,Nsimba Webster,WR,49.24751334129829,18.08,154,-176.03431999203508,-181.1,-31.16751334129829,-5.0656800079649145
NA,Quintez Cephus,WR,49.24751334129829,17.748,155,-176.03431999203508,-181.432,-31.499513341298286,-5.397680007964908
NA,Diontae Spencer,WR,49.24751334129829,17.38,156,-176.03431999203508,-181.79999999999998,-31.867513341298288,-5.765680007964903
NA,Freddie Swain,WR,49.24751334129829,16.96,157,-176.03431999203508,-182.22,-32.287513341298286,-6.185680007964919
NA,Rico Gafford,WR,49.24751334129829,16.4,158,-176.03431999203508,-182.78,-32.84751334129829,-6.745680007964921
NA,John Hightower,WR,49.24751334129829,15.7,159,-176.03431999203508,-183.48,-33.547513341298284,-7.44568000796491
NA,Ventell Bryant,WR,49.24751334129829,15.18,160,-176.03431999203508,-183.99999999999997,-34.06751334129829,-7.965680007964892
NA,Isaiah Wright,WR,49.24751334129829,14.459999999999999,161,-176.03431999203508,-184.72,-34.787513341298286,-8.685680007964919
NA,Collin Johnson,WR,49.24751334129829,13.82,162,-176.03431999203508,-185.35999999999999,-35.42751334129829,-9.325680007964905
NA,Jakobi Meyers,WR,49.24751334129829,13.48,163,-176.03431999203508,-185.7,-35.76751334129828,-9.665680007964909
NA,Scotty Miller,WR,49.24751334129829,13.24,164,-176.03431999203508,-185.94,-36.007513341298285,-9.905680007964918
NA,Darius Slayton,WR,49.24751334129829,12.879999999999999,165,-176.03431999203508,-186.29999999999998,-36.36751334129829,-10.265680007964903
NA,Darrius Shepherd,WR,49.24751334129829,12.2,166,-176.03431999203508,-186.98,-37.047513341298284,-10.94568000796491
NA,Byron Pringle,WR,49.24751334129829,11.68,167,-176.03431999203508,-187.5,-37.56751334129829,-11.46568000796492
NA,Braxton Berrios,WR,49.24751334129829,10.98,168,-176.03431999203508,-188.2,-38.26751334129828,-12.165680007964909
NA,Cody Hollister,WR,49.24751334129829,10.62,169,-176.03431999203508,-188.56,-38.62751334129829,-12.525680007964922
NA,Alexander Hollins,WR,49.24751334129829,10.32,170,-176.03431999203508,-188.85999999999999,-38.92751334129829,-12.825680007964905
NA,John Ursua,WR,49.24751334129829,10.12,171,-176.03431999203508,-189.06,-39.12751334129829,-13.025680007964922
NA,Tevin Jones,WR,49.24751334129829,9.58,172,-176.03431999203508,-189.6,-39.66751334129829,-13.565680007964914
NA,Ashton Dulin,WR,49.24751334129829,9.06,173,-176.03431999203508,-190.11999999999998,-40.187513341298285,-14.085680007964896
NA,Steven Mitchell Jr.,WR,49.24751334129829,8.42,174,-176.03431999203508,-190.76,-40.827513341298285,-14.725680007964911
NA,Robert Davis,WR,49.24751334129829,8.02,175,-176.03431999203508,-191.16,-41.22751334129829,-15.125680007964917
NA,Travis Fulgham,WR,49.24751334129829,7.62,176,-176.03431999203508,-191.56,-41.62751334129829,-15.525680007964922
NA,Stanley Morgan Jr.,WR,49.24751334129829,7.44,177,-176.03431999203508,-191.73999999999998,-41.80751334129829,-15.7056800079649
NA,Lil'Jordan Humphrey,WR,49.24751334129829,7.2,178,-176.03431999203508,-191.98,-42.047513341298284,-15.94568000796491
NA,Ishmael Hyman,WR,49.24751334129829,6.66,179,-176.03431999203508,-192.51999999999998,-42.58751334129829,-16.485680007964902
NA,Greg Dortch,WR,49.24751334129829,6.48,180,-176.03431999203508,-192.7,-42.76751334129828,-16.66568000796491
NA,Diontae Johnson,WR,49.24751334129829,5.96,181,-176.03431999203508,-193.21999999999997,-43.287513341298286,-17.18568000796489
NA,Preston Williams,WR,49.24751334129829,5.2,182,-176.03431999203508,-193.98,-44.047513341298284,-17.94568000796491
NA,Hunter Renfrow,WR,49.24751334129829,4.78,183,-176.03431999203508,-194.39999999999998,-44.467513341298286,-18.365680007964897
NA,Allen Lazard,WR,49.24751334129829,4.46,184,-176.03431999203508,-194.72,-44.787513341298286,-18.68568000796492
NA,Russell Gage,WR,49.24751334129829,4.220000000000001,185,-176.03431999203508,-194.95999999999998,-45.02751334129829,-18.9256800079649
NA,Miles Boykin,WR,49.24751334129829,4.14,186,-176.03431999203508,-195.04,-45.10751334129829,-19.005680007964912
NA,Auden Tate,WR,49.24751334129829,3.96,187,-176.03431999203508,-195.22,-45.287513341298286,-19.18568000796492
NA,Zach Pascal,WR,49.24751334129829,3.86,188,-176.03431999203508,-195.32,-45.38751334129829,-19.285680007964913
11225,Cordarrelle Patterson,WR,49.239333333333335,3.62,189,-176.04250000000002,-195.56,-45.61933333333334,-19.517499999999984
10983,Chris Hogan,WR,48.15033333333333,3.44,190,-177.13150000000005,-195.73999999999998,-44.71033333333333,-18.608499999999935
13162,Isaiah Ford,WR,47.7945,3.2800000000000002,191,-177.48733333333337,-195.9,-44.5145,-18.412666666666638
13377,Tim Patrick,WR,46.28666666666666,2.9,192,-178.9951666666667,-196.28,-43.38666666666666,-17.284833333333296
13316,Trent Taylor,WR,44.400000000000006,2.7800000000000002,193,-180.88183333333336,-196.39999999999998,-41.620000000000005,-15.518166666666616
8673,Ted Ginn,WR,43.28066666666667,2.56,194,-182.0011666666667,-196.62,-40.720666666666666,-14.6188333333333
8673,Ted Ginn Jr.,WR,43.28066666666667,2.5,195,-182.0011666666667,-196.67999999999998,-40.78066666666667,-14.678833333333273
13066,Kalif Raymond,WR,40.80666666666667,2.32,196,-184.4751666666667,-196.85999999999999,-38.48666666666667,-12.38483333333329
14103,Riley Ridley,WR,37.55333333333333,2.2,197,-187.72850000000005,-196.98,-35.353333333333325,-9.251499999999936
13313,Isaiah McKenzie,WR,34.9665,2.08,198,-190.31533333333337,-197.1,-32.886500000000005,-6.784666666666624
13505,Marvin Hall,WR,34.855,1.76,199,-190.42683333333338,-197.42,-33.095,-6.99316666666661
13724,Richie James,WR,33.189,1.12,200,-192.09283333333337,-198.06,-32.069,-5.967166666666628
13644,Javon Wims,WR,32.15833333333333,0.8400000000000001,201,-193.12350000000004,-198.34,-31.31833333333333,-5.216499999999968
13649,DaeSean Hamilton,WR,27.555,1.9666666666666668,202,-197.72683333333336,-201.4333333333333,-25.58833333333333,-3.7064999999999486
13289,Mack Hollins,WR,27.134000000000004,1.9,203,-198.14783333333335,-201.5,-25.234000000000005,-3.3521666666666476
13999,Chad Beebe,WR,26.222499999999997,1.4666666666666666,204,-199.05933333333337,-201.9333333333333,-24.75583333333333,-2.8739999999999384
12660,Pharoh Cooper,WR,23.654333333333334,1.481020167615199e-16,205,-201.62750000000003,-203.39999999999998,-23.654333333333334,-1.7724999999999511
13963,Khadarel Hodge,WR,23.439999999999998,1.75,206,-201.84183333333337,-198.64999999999998,-21.689999999999998,3.191833333333392
14124,KeeSean Johnson,WR,21.99833333333333,1.6500000000000001,207,-203.28350000000003,-198.75,-20.348333333333333,4.533500000000032
13662,Keke Coutee,WR,21.0975,0.7000000000000001,208,-204.18433333333337,-199.7,-20.3975,4.484333333333382
13638,Braxton Berrios,WR,21.060000000000002,0.3999999999999999,209,-204.22183333333336,-200,-20.660000000000004,4.221833333333365
13776,Justin Watson,WR,20.21233333333333,1.7,210,-205.06950000000003,-210.4,-18.51233333333333,-5.330499999999972
12646,Corey Coleman,WR,19.17,1.6,211,-206.11183333333338,-210.5,-17.57,-4.388166666666621
14864,Tyler Johnson,WR,18.765333333333334,1.4,212,-206.51650000000004,-210.7,-17.365333333333336,-4.1834999999999525
12471,Seth Roberts,WR,18.714666666666666,1.3,213,-206.5671666666667,-210.79999999999998,-17.414666666666665,-4.232833333333275
13634,Dante Pettis,WR,18.6825,1.1,214,-206.59933333333336,-211,-17.5825,-4.400666666666638
12913,Alex Erickson,WR,18.311999999999998,-0.5,215,-206.96983333333338,-212.6,-18.811999999999998,-5.630166666666611
12394,DeAndre Carter,WR,18.04,-0.8999999999999999,216,-207.24183333333337,-213,-18.939999999999998,-5.758166666666625
12824,Cody Core,WR,17.505333333333333,-1.4,217,-207.77650000000003,-213.5,-18.90533333333333,-5.723499999999973
11244,Travis Kelce,TE,259.97799999999995,252.20000000000002,1,110.87849999999995,112.96000000000001,-7.777999999999935,2.0815000000000623
13299,George Kittle,TE,239.99333333333334,236.72,2,90.89383333333333,97.47999999999999,-3.2733333333333405,6.5861666666666565
11247,Zach Ertz,TE,213.90883333333332,226.72,3,64.80933333333331,87.47999999999999,12.81116666666668,22.670666666666676
13671,Mark Andrews,TE,197.657,207.78,4,48.557500000000005,68.53999999999999,10.12299999999999,19.982499999999987
12263,Darren Waller,TE,196.877,197.98,5,47.7775,58.739999999999995,1.1029999999999802,10.962499999999991
13189,Evan Engram,TE,172.4178333333333,180.16,6,23.3183333333333,40.919999999999995,7.742166666666691,17.601666666666695
12676,Hunter Henry,TE,165.6345,169.88,7,16.534999999999997,30.639999999999997,4.245499999999993,14.105
12678,Tyler Higbee,TE,161.00133333333332,164.82,8,11.901833333333315,25.579999999999995,3.8186666666666724,13.67816666666668
13680,Hayden Hurst,TE,158.74366666666668,156,9,9.644166666666678,16.759999999999998,-2.743666666666684,7.11583333333332
9474,Jared Cook,TE,152.15016666666668,150.64,10,3.0506666666666717,11.399999999999995,-1.5101666666666915,8.349333333333323
9902,Rob Gronkowski,TE,149.75400000000002,144.14,11,0.654500000000013,4.899999999999994,-5.614000000000033,4.245499999999981
13672,Mike Gesicki,TE,149.0995,139.24,12,0,0,-9.859499999999997,0
13672,Michael Gesicki,TE,149.0995,131.7,13,0,-7.540000000000001,-17.399500000000018,-7.540000000000001
12677,Austin Hooper,TE,148.89333333333335,127.2,14,-0.20616666666666106,-12.040000000000006,-21.693333333333342,-11.833833333333345
14137,Noah Fant,TE,148.7795,124.36,15,-0.3199999999999932,-14.88,-24.419500000000014,-14.560000000000008
14138,NA,TE,141.9255,121.98,16,-7.174000000000007,-17.260000000000005,-19.945499999999996,-10.085999999999999
14138,T.J. Hockenson,TE,141.9255,118.52,17,-7.174000000000007,-20.720000000000006,-23.405500000000004,-13.546
13679,Chris Herndon,TE,141.90866666666665,116.56,18,-7.190833333333359,-22.680000000000003,-25.348666666666645,-15.489166666666645
13679,Chris Herndon IV,TE,141.90866666666665,111.26,19,-7.190833333333359,-27.98,-30.648666666666642,-20.78916666666664
13679,Christopher Herndon IV,TE,141.90866666666665,106.42,20,-7.190833333333359,-32.82000000000001,-35.488666666666646,-25.62916666666665
13674,Dallas Goedert,TE,141.5106,103.48,21,-7.588899999999995,-35.760000000000005,-38.03060000000001,-28.17110000000001
13193,Jonnu Smith,TE,138.76209999999998,100.12,22,-10.33740000000003,-39.120000000000005,-38.64209999999997,-28.782599999999974
11695,Eric Ebron,TE,134.18619999999999,97.62,23,-14.91330000000002,-41.620000000000005,-36.56619999999998,-26.706699999999984
13722,Blake Jarwin,TE,134.1474,92.74,24,-14.952100000000002,-46.5,-41.40740000000001,-31.5479
11516,Jack Doyle,TE,132.1936,89.25999999999999,25,-16.905900000000003,-49.980000000000004,-42.93360000000001,-33.0741
13678,Ian Thomas,TE,130.5886,85.17999999999999,26,-18.510899999999992,-54.06,-45.40860000000002,-35.54910000000001
8687,Greg Olsen,TE,115.6644,83.5,27,-33.435100000000006,-55.74,-32.1644,-22.304899999999996
10312,Kyle Rudolph,TE,112.06060000000001,81.48,28,-37.0389,-57.760000000000005,-30.580600000000004,-20.721100000000007
14141,Irv Smith,TE,108.01419999999999,80.53999999999999,29,-41.08530000000002,-58.7,-27.474199999999996,-17.614699999999985
14141,Irv Smith Jr.,TE,108.01419999999999,79.8,30,-41.08530000000002,-59.44,-28.21419999999999,-18.35469999999998
11250,Tyler Eifert,TE,99.25280000000001,76.66,31,-49.8467,-62.580000000000005,-22.59280000000001,-12.733300000000007
9925,Jimmy Graham,TE,95.084,72.1,32,-54.0155,-67.14,-22.98400000000001,-13.124499999999998
12317,NA,TE,94.22425,70.8,33,-54.87525000000001,-68.44,-23.42425,-13.56474999999999
12317,C.J. Uzomah,TE,94.22425,69.34,34,-54.87525000000001,-69.9,-24.884249999999994,-15.024749999999997
13188,NA,TE,94.1958,66.9,35,-54.9037,-72.34,-27.2958,-17.436300000000003
13188,O.J. Howard,TE,94.1958,65.86,36,-54.9037,-73.38000000000001,-28.335800000000006,-18.47630000000001
13236,Gerald Everett,TE,90.33080000000001,63.4,37,-58.768699999999995,-75.84,-26.930800000000012,-17.071300000000008
11337,Darren Fells,TE,90.2392,60.9,38,-58.86030000000001,-78.34,-29.339199999999998,-19.479699999999994
14936,Devin Asiasi,TE,86.70360000000001,57.44,39,-62.3959,-81.80000000000001,-29.26360000000001,-19.404100000000014
13763,Will Dissly,TE,82.10079999999999,56.38,40,-66.99870000000001,-82.86,-25.72079999999999,-15.861299999999986
13192,David Njoku,TE,80.3778,52.22,41,-68.72170000000001,-87.02,-28.157799999999995,-18.298299999999983
14867,Cole Kmet,TE,78.615,50.4,42,-70.48450000000001,-88.84,-28.214999999999996,-18.355499999999992
12328,Nick Boyle,TE,76.4896,48.88,43,-72.60990000000001,-90.36,-27.609599999999993,-17.75009999999999
13424,Taysom Hill,TE,74.84049999999999,45.88,44,-74.25900000000001,-93.36,-28.96049999999999,-19.100999999999985
11647,Logan Thomas,TE,74.4104,44.94,45,-74.68910000000001,-94.3,-29.470399999999998,-19.610899999999987
11257,Vance McDonald,TE,73.5938,42.34,46,-75.5057,-96.9,-31.2538,-21.3943
13753,Jordan Akins,TE,71.98660000000001,41.64,47,-77.1129,-97.60000000000001,-30.34660000000001,-20.487100000000012
13427,Robert Tonyan,TE,61.396249999999995,40.54,48,-87.70325000000001,-98.7,-20.856249999999996,-10.996749999999992
12110,Cameron Brate,TE,60.82939999999999,39.42,49,-88.27010000000001,-99.82000000000001,-21.40939999999999,-11.549899999999994
11399,Ryan Griffin,TE,59.32040000000001,38.56,50,-89.7791,-100.68,-20.760400000000004,-10.900900000000007
13919,Anthony Firkser,TE,58.0274,37.26,51,-91.0721,-101.98,-20.767400000000002,-10.907899999999998
11248,Jordan Reed,TE,54.831599999999995,36.940000000000005,52,-94.26790000000001,-102.3,-17.89159999999999,-8.032099999999986
12206,Maxx Williams,TE,54.7634,36.58,53,-94.33610000000002,-102.66000000000001,-18.1834,-8.323899999999995
6997,Jason Witten,TE,52.933800000000005,35.56,54,-96.1657,-103.68,-17.373800000000003,-7.514300000000006
13880,Dan Arnold,TE,52.879599999999996,34.12,55,-96.21990000000001,-105.12,-18.7596,-8.900099999999995
14939,Dalton Keene,TE,52.816,33.02,56,-96.2835,-106.22,-19.796,-9.936499999999995
12211,Jesse James,TE,51.6952,32.58,57,-97.4043,-106.66,-19.1152,-9.25569999999999
11705,Trey Burton,TE,46.822,31.580000000000002,58,-102.2775,-107.66000000000001,-15.242,-5.382500000000007
12330,James O'Shaughnessy,TE,45.85575000000001,30.74,59,-103.24375,-108.5,-15.11575000000001,-5.256249999999994
13194,Jeremy Sprinkle,TE,44.668600000000005,30.2,60,-104.43090000000001,-109.04,-14.468600000000006,-4.609099999999998
13246,Mo Alie-Cox,TE,44.2898,29.8,61,-104.8097,-109.44,-14.489799999999999,-4.630299999999991
12212,Tyler Kroft,TE,41.159400000000005,28.82,62,-107.9401,-110.42,-12.339400000000005,-2.4799000000000007
11529,Josh Hill,TE,40.8034,27.5,63,-108.2961,-111.74000000000001,-13.303400000000003,-3.4439000000000135
13254,Adam Shaheen,TE,39.2945,26.68,64,-109.805,-112.56,-12.6145,-2.7549999999999955
13391,Jacob Hollister,TE,39.0316,24.919999999999998,65,-110.06790000000001,-114.32000000000001,-14.1116,-4.252099999999999
13382,Ricky Seals-Jones,TE,35.9356,24.1,66,-113.16390000000001,-115.14,-11.8356,-1.9760999999999882
12680,Nick Vannett,TE,35.4388,23.5,67,-113.6607,-115.74000000000001,-11.9388,-2.0793000000000035
NA,Jaeden Graham,TE,35.196016917293235,23,68,-113.90348308270677,-116.24000000000001,-12.196016917293235,-2.3365169172932383
NA,Donald Parham,TE,35.196016917293235,22.7,69,-113.90348308270677,-116.54,-12.496016917293236,-2.6365169172932355
NA,NA,TE,35.196016917293235,22.3,70,-113.90348308270677,-116.94,-12.896016917293235,-3.036516917293227
NA,Stephen Carlson,TE,35.196016917293235,21.400000000000002,71,-113.90348308270677,-117.84,-13.796016917293233,-3.9365169172932326
NA,T.J. Hockenson,TE,35.196016917293235,20.06,72,-113.90348308270677,-119.17999999999999,-15.136016917293237,-5.276516917293222
NA,C.J. Uzomah,TE,35.196016917293235,18.68,73,-113.90348308270677,-120.56,-16.516016917293236,-6.6565169172932315
NA,Harrison Bryant,TE,35.196016917293235,17.919999999999998,74,-113.90348308270677,-121.32000000000001,-17.276016917293237,-7.416516917293237
NA,Josiah Deguara,TE,35.196016917293235,17.56,75,-113.90348308270677,-121.68,-17.636016917293237,-7.776516917293236
NA,Adam Trautman,TE,35.196016917293235,16.9,76,-113.90348308270677,-122.34,-18.296016917293237,-8.436516917293233
NA,Brycen Hopkins,TE,35.196016917293235,16.3,77,-113.90348308270677,-122.94,-18.896016917293235,-9.036516917293227
NA,J.P. Holtz,TE,35.196016917293235,15.44,78,-113.90348308270677,-123.8,-19.756016917293238,-9.896516917293226
NA,Deon Yelder,TE,35.196016917293235,14.68,79,-113.90348308270677,-124.56,-20.516016917293236,-10.656516917293231
NA,Dawson Knox,TE,35.196016917293235,14.24,80,-113.90348308270677,-125,-20.956016917293233,-11.09651691729323
NA,Jace Sternberger,TE,35.196016917293235,13.58,81,-113.90348308270677,-125.66000000000001,-21.616016917293237,-11.75651691729324
NA,Ryan Izzo,TE,35.196016917293235,13.26,82,-113.90348308270677,-125.98,-21.936016917293237,-12.076516917293233
NA,Foster Moreau,TE,35.196016917293235,13.16,83,-113.90348308270677,-126.08000000000001,-22.036016917293235,-12.176516917293242
NA,Trevon Wesco,TE,35.196016917293235,12.52,84,-113.90348308270677,-126.72,-22.676016917293236,-12.816516917293228
NA,Kaden Smith,TE,35.196016917293235,11.48,85,-113.90348308270677,-127.76,-23.716016917293235,-13.856516917293234
NA,Troy Fumagalli,TE,35.196016917293235,10.48,86,-113.90348308270677,-128.76,-24.716016917293235,-14.85651691729322
NA,Isaac Nauta,TE,35.196016917293235,10.24,87,-113.90348308270677,-129,-24.956016917293233,-15.09651691729323
NA,Pharaoh Brown,TE,35.196016917293235,9.56,88,-113.90348308270677,-129.68,-25.636016917293233,-15.776516917293236
NA,Drew Sample,TE,35.196016917293235,9.06,89,-113.90348308270677,-130.18,-26.136016917293233,-16.276516917293236
NA,Jesper Horsted,TE,35.196016917293235,8.16,90,-113.90348308270677,-131.08,-27.036016917293235,-17.17651691729324
NA,Zach Gentry,TE,35.196016917293235,7.4799999999999995,91,-113.90348308270677,-131.76,-27.716016917293235,-17.85651691729322
NA,Jason Vander Laan,TE,35.196016917293235,7.28,92,-113.90348308270677,-131.96,-27.916016917293234,-18.056516917293237
NA,Tommy Sweeney,TE,35.196016917293235,6.8,93,-113.90348308270677,-132.44,-28.396016917293235,-18.536516917293227
NA,Charles Jones,TE,35.196016917293235,6.319999999999999,94,-113.90348308270677,-132.92000000000002,-28.876016917293235,-19.016516917293245
NA,Dalton Keene,TE,35.196016917293235,5.96,95,-113.90348308270677,-133.28,-29.236016917293234,-19.37651691729323
NA,Robert Tonyan,TE,35.196016917293235,5.64,96,-113.90348308270677,-133.60000000000002,-29.556016917293235,-19.696516917293252
NA,Ross Dwelley,TE,35.196016917293235,5.12,97,-113.90348308270677,-134.12,-30.076016917293234,-20.216516917293234
NA,Colby Parkinson,TE,35.196016917293235,4.74,98,-113.90348308270677,-134.5,-30.456016917293233,-20.59651691729323
NA,Andrew Beck,TE,35.196016917293235,4.66,99,-113.90348308270677,-134.58,-30.536016917293235,-20.67651691729324
NA,Stephen Sullivan,TE,35.196016917293235,4.24,100,-113.90348308270677,-135,-30.956016917293233,-21.09651691729323
14870,Adam Trautman,TE,33.837500000000006,3.82,101,-115.262,-135.42,-30.017500000000005,-20.157999999999987
11448,Demetrius Harris,TE,33.5082,3.68,102,-115.5913,-135.56,-29.828200000000002,-19.9687
12309,MyCole Pruitt,TE,33.031000000000006,3.46,103,-116.0685,-135.78,-29.571000000000005,-19.7115
11252,Levine Toilolo,TE,32.1018,3.14,104,-116.99770000000001,-136.1,-28.961799999999997,-19.102299999999985
8269,Marcedes Lewis,TE,31.997999999999998,3.04,105,-117.10150000000002,-136.2,-28.958,-19.098499999999973
13190,Jake Butt,TE,27.8735,2.3200000000000003,106,-121.226,-136.92000000000002,-25.5535,-15.694000000000017
10432,Virgil Green,TE,27.647199999999998,2.6,107,-121.45230000000001,-134.2,-25.047199999999997,-12.74769999999998
13772,Dalton Schultz,TE,27.179000000000002,2.35,108,-121.9205,-134.45,-24.829,-12.529499999999985
11381,Luke Willson,TE,24.3605,2.55,109,-124.739,-130.75,-21.810499999999998,-6.010999999999996
12213,Blake Bell,TE,23.9655,2.5,110,-125.13400000000001,-130.8,-21.4655,-5.665999999999997
10940,Derek Carrier,TE,21.99025,2.4,111,-127.10925,-130.9,-19.59025,-3.7907500000000027
12955,Chris Manhertz,TE,21.79525,2.3,112,-127.30425000000001,-131,-19.49525,-3.6957499999999897
10354,Luke Stocker,TE,19.264666666666667,2.15,113,-129.83483333333334,-131.14999999999998,-17.11466666666667,-1.3151666666666415
13676,Durham Smythe,TE,18.2968,2.15,114,-130.80270000000002,-131.14999999999998,-16.146800000000002,-0.34729999999996153
12378,Geoff Swaim,TE,16.98166666666667,1.85,115,-132.11783333333335,-131.45,-15.13166666666667,0.6678333333333626
13675,Tyler Conklin,TE,16.9165,1.4,116,-132.183,-131.9,-15.516499999999999,0.28299999999998704
13445,Antony Auclair,TE,15.641,1.5,117,-133.45850000000002,-129.1,-14.141,4.358500000000021
10398,Lee Smith,TE,11.474666666666666,1.5,118,-137.62483333333333,-129.1,-9.974666666666666,8.524833333333333
